t,y
0.01,0.9980019986673331
0.02,0.9960079893439915
0.03,0.9940179640539353
0.04,0.9920319148370607
0.05,0.9900498337491681
0.060000000000000005,0.9880717128619305
0.06999999999999999,0.9860975442628619
0.08,0.9841273200552851
0.09,0.9821610323583008
0.09999999999999999,0.9801986733067553
0.11,0.97824023505121
0.12,0.9762857097579093
0.13,0.9743350896087494
0.14,0.9723883668012469
0.15000000000000002,0.9704455335485082
0.16,0.9685065820791976
0.17,0.9665715046375066
0.18000000000000002,0.9646402934831231
0.19,0.9627129408911995
0.2,0.9607894391523232
0.21000000000000002,0.9588697805724845
0.22,0.9569539574730467
0.23,0.9550419621907147
0.24000000000000002,0.9531337870775047
0.25,0.951229424500714
0.26,0.9493288668428895
0.27,0.9474321065017983
0.28,0.9455391358903963
0.29000000000000004,0.9436499474367985
0.3,0.9417645335842487
0.31,0.9398828867910889
0.32,0.9380049995307295
0.33,0.9361308642916188
0.34,0.9342604735772135
0.35000000000000003,0.9323938199059483
0.36000000000000004,0.9305308958112057
0.37,0.9286716938412872
0.38,0.9268162065593822
0.39,0.9249644265435393
0.4,0.9231163463866358
0.41000000000000003,0.9212719586963487
0.42000000000000004,0.9194312560951247
0.43,0.9175942312201509
0.44,0.9157608767233256
0.45,0.9139311852712282
0.46,0.9121051495450904
0.47000000000000003,0.910282762240767
0.48000000000000004,0.9084640160687062
0.49,0.9066489037539209
0.5,0.9048374180359595
0.51,0.9030295516688768
0.52,0.9012252974212047
0.53,0.899424648075924
0.54,0.8976275964304349
0.55,0.8958341352965282
0.56,0.8940442575003572
0.5700000000000001,0.8922579558824083
0.5800000000000001,0.8904752232974725
0.59,0.8886960526146174
0.6,0.8869204367171575
0.61,0.8851483685026271
0.62,0.8833798408827509
0.63,0.8816148467834161
0.64,0.8798533791446438
0.65,0.8780954309205613
0.66,0.8763409950793732
0.67,0.874590064603334
0.68,0.8728426324887193
0.6900000000000001,0.8710986917457983
0.7000000000000001,0.8693582353988059
0.7100000000000001,0.867621256485914
0.72,0.865887748059205
0.73,0.8641577031846428
0.74,0.8624311149420455
0.75,0.8607079764250578
0.76,0.8589882807411234
0.77,0.8572720210114575
0.78,0.8555591903710185
0.79,0.8538497819684817
0.8,0.8521437889662113
0.81,0.850441204540233
0.8200000000000001,0.8487420218802068
0.8300000000000001,0.8470462341893996
0.8400000000000001,0.8453538346846587
0.85,0.8436648165963837
0.86,0.8419791731684999
0.87,0.8402968976584314
0.88,0.838617983337074
0.89,0.8369424234887681
0.9,0.835270211411272
0.91,0.8336013404157353
0.92,0.8319358038266718
0.93,0.8302735949819326
0.9400000000000001,0.8286147072326806
0.9500000000000001,0.8269591339433623
0.9600000000000001,0.8253068684916823
0.97,0.8236579042685769
0.98,0.8220122346781865
0.99,0.8203698531378311
1.0,0.8187307530779818
1.01,0.8170949279422366
1.02,0.8154623711872927
1.03,0.8138330762829207
1.04,0.812207036711939
1.05,0.8105842459701871
1.06,0.8089646975664998
1.07,0.8073483850226815
1.08,0.8057353018734796
1.09,0.8041254416665596
1.1,0.8025187979624785
1.11,0.8009153643346592
1.12,0.7993151343693651
1.1300000000000001,0.7977181016656743
1.1400000000000001,0.7961242598354537
1.1500000000000001,0.7945336025033339
1.1600000000000001,0.7929461233066837
1.17,0.7913618158955839
1.18,0.7897806739328027
1.19,0.7882026910937704
1.2,0.7866278610665535
1.21,0.7850561775518295
1.22,0.7834876342628625
1.23,0.7819222249254772
1.24,0.7803599432780343
1.25,0.7788007830714049
1.26,0.7772447380689461
1.27,0.775691802046476
1.28,0.7741419687922484
1.29,0.772595232106928
1.3,0.7710515858035663
1.31,0.7695110237075758
1.32,0.7679735396567061
1.33,0.7664391275010192
1.34,0.764907781102864
1.35,0.7633794943368531
1.36,0.7618542610898376
1.37,0.7603320752608821
1.3800000000000001,0.7588129307612413
1.3900000000000001,0.7572968215143355
1.4000000000000001,0.7557837414557255
1.4100000000000001,0.754273684533089
1.42,0.7527666447061963
1.43,0.751262615946886
1.44,0.7497615922390413
1.45,0.7482635675785653
1.46,0.7467685359733571
1.47,0.7452764914432887
1.48,0.7437874280201796
1.49,0.7423013397477743
1.5,0.7408182206817179
1.51,0.7393380648895319
1.52,0.7378608664505911
1.53,0.7363866194561001
1.54,0.7349153180090687
1.55,0.7334469562242892
1.56,0.7319815282283126
1.57,0.7305190281594249
1.58,0.7290594501676237
1.59,0.7276027884145955
1.6,0.7261490370736909
1.61,0.7246981903299029
1.62,0.7232502423798424
1.6300000000000001,0.7218051874317158
1.6400000000000001,0.7203630197053014
1.6500000000000001,0.7189237334319262
1.6600000000000001,0.7174873228544433
1.6700000000000002,0.7160537822272085
1.68,0.7146231058160574
1.69,0.7131952878982822
1.7,0.7117703227626098
1.71,0.7103482047091773
1.72,0.7089289280495108
1.73,0.7075124871065017
1.74,0.7060988762143844
1.75,0.7046880897187134
1.76,0.7032801219763409
1.77,0.701874967355394
1.78,0.7004726202352524
1.79,0.6990730750065257
1.8,0.697676326071031
1.81,0.696282367841771
1.82,0.6948911947429106
1.83,0.6935028012097558
1.84,0.6921171816887304
1.85,0.6907343306373547
1.86,0.6893542425242224
1.87,0.6879769118289795
1.8800000000000001,0.686602333042301
1.8900000000000001,0.6852305006658703
1.9000000000000001,0.6838614092123558
1.9100000000000001,0.6824950532053901
1.9200000000000002,0.6811314271795471
1.93,0.679770525680321
1.94,0.678412343264104
1.95,0.6770568744981647
1.96,0.675704113960626
1.97,0.6743540562404442
1.98,0.6730066959373864
1.99,0.6716620276620098
2.0,0.6703200460356393
2.01,0.6689807456903467
2.02,0.6676441212689289
2.03,0.6663101674248864
2.04,0.6649788788224019
2.05,0.6636502501363194
2.0599999999999996,0.6623242760521223
2.07,0.6610009512659125
2.0799999999999996,0.6596802704843892
2.09,0.6583622284248272
2.0999999999999996,0.6570468198150569
2.11,0.6557340393934418
2.1199999999999997,0.6544238819088586
2.13,0.6531163421206756
2.1399999999999997,0.651811414798732
2.15,0.6505090947233165
2.1599999999999997,0.6492093766851474
2.17,0.6479122554853506
2.1799999999999997,0.6466177259354396
2.19,0.6453257828572946
2.1999999999999997,0.6440364210831414
2.21,0.6427496354555312
2.2199999999999998,0.6414654208273199
2.23,0.6401837720616471
2.2399999999999998,0.6389046840319162
2.25,0.6376281516217733
2.26,0.6363541697250871
2.27,0.6350827332459281
2.28,0.6338138370985491
2.29,0.6325474762073634
2.3,0.631283645506926
2.31,0.6300223399419123
2.32,0.6287635544670984
2.3299999999999996,0.6275072840473408
2.34,0.6262535236575559
2.3499999999999996,0.6250022682827009
2.36,0.6237535129177522
2.3699999999999997,0.6225072525676868
2.38,0.6212634822474618
2.3899999999999997,0.620022196981994
2.4,0.6187833918061408
2.4099999999999997,0.6175470617646801
2.42,0.6163132019122897
2.4299999999999997,0.6150818073135287
2.44,0.6138528730428171
2.4499999999999997,0.6126263941844161
2.46,0.6114023658324087
2.4699999999999998,0.6101807830906798
2.48,0.6089616410728969
2.4899999999999998,0.6077449349024903
2.5,0.6065306597126334
2.51,0.6053188106462243
2.52,0.6041093828558647
2.53,0.6029023715038421
2.54,0.6016977717621094
2.55,0.6004955788122659
2.56,0.5992957878455384
2.57,0.5980983940627613
2.5799999999999996,0.5969033926743581
2.59,0.5957107789003212
2.5999999999999996,0.5945205479701944
2.61,0.593332695123052
2.6199999999999997,0.5921472156074813
2.63,0.5909641046815626
2.6399999999999997,0.5897833576128505
2.65,0.5886049696783552
2.6599999999999997,0.5874289361645235
2.67,0.5862552523672196
2.6799999999999997,0.585083913591707
2.69,0.5839149151526287
2.6999999999999997,0.5827482523739898
2.71,0.5815839205891371
2.7199999999999998,0.5804219151407424
2.73,0.579262231380782
2.7399999999999998,0.5781048646705197
2.75,0.5769498103804866
2.76,0.5757970638904646
2.77,0.5746466205894657
2.78,0.5734984758757155
2.79,0.5723526251566332
2.8,0.5712090638488149
2.81,0.5700677873780134
2.82,0.5689287911791218
2.8299999999999996,0.5677920706961533
2.84,0.5666576213822246
2.8499999999999996,0.5655254386995371
2.86,0.5643955181193584
2.8699999999999997,0.5632678551220047
2.88,0.5621424451968224
2.8899999999999997,0.5610192838421706
2.9,0.559898366565402
2.9099999999999997,0.5587796888828463
2.92,0.5576632463197913
2.9299999999999997,0.5565490344104649
2.94,0.5554370486980182
2.9499999999999997,0.5543272847345071
2.96,0.5532197380808739
2.9699999999999998,0.5521144043069306
2.98,0.5510112789913407
2.9899999999999998,0.5499103577216016
3.0,0.5488116360940265
3.01,0.5477151097137275
3.02,0.5466207741945976
3.03,0.5455286251592933
3.04,0.5444386582392171
3.05,0.5433508690744998
3.06,0.5422652533139832
3.07,0.5411818066152029
3.08,0.5401005246443706
3.09,0.539021403076357
3.0999999999999996,0.5379444375946746
3.11,0.5368696238914595
3.1199999999999997,0.535796957667456
3.13,0.5347264346319975
3.1399999999999997,0.5336580505029906
3.15,0.5325918010068972
3.1599999999999997,0.531527681878718
3.17,0.5304656888619749
3.1799999999999997,0.5294058177086947
3.19,0.528348064179391
3.1999999999999997,0.5272924240430487
3.21,0.5262388930771054
3.2199999999999998,0.5251874670674362
3.23,0.5241381418083354
3.2399999999999998,0.5230909131025009
3.25,0.522045776761016
3.26,0.5210027286033344
3.27,0.5199617644572618
3.28,0.5189228801589404
3.29,0.5178860715528314
3.3,0.5168513344916993
3.31,0.5158186648365941
3.32,0.5147880584568362
3.33,0.5137595112299983
3.34,0.5127330190418905
3.3499999999999996,0.5117085777865426
3.36,0.5106861833661879
3.3699999999999997,0.5096658316912477
3.38,0.5086475186803138
3.3899999999999997,0.5076312402601327
3.4,0.5066169923655897
3.4099999999999997,0.5056047709396915
3.42,0.5045945719335512
3.4299999999999997,0.5035863913063715
3.44,0.5025802250254284
3.4499999999999997,0.5015760690660556
3.46,0.5005739194116278
3.4699999999999998,0.499573772053545
3.48,0.49857562299121655
3.4899999999999998,0.49757946823204485
3.5,0.4965853037914095
3.51,0.49559312569265146
3.52,0.494602929967057
3.53,0.4936147126538418
3.54,0.49262846980013547
3.55,0.4916441974609651
3.56,0.4906618916992401
3.57,0.4896815485857362
3.58,0.4887031641990795
3.59,0.4877267346257312
3.5999999999999996,0.4867522559599717
3.61,0.485779724303885
3.6199999999999997,0.48480913576734325
3.63,0.483840486467991
3.6399999999999997,0.48287377253122976
3.65,0.48190899009020244
3.6599999999999997,0.480946135285778
3.67,0.479985204266536
3.6799999999999997,0.4790261931887511
3.69,0.4780690982163776
3.6999999999999997,0.4771139155210344
3.71,0.4761606412819894
3.7199999999999998,0.47520927168614446
3.73,0.4742598029280199
3.7399999999999998,0.4733122312097393
3.75,0.4723665527410147
3.76,0.4714227637391309
3.77,0.47048086042893056
3.78,0.46954083904279925
3.79,0.46860269582065023
3.8,0.46766642700990924
3.81,0.46673202886549986
3.82,0.46579949764982825
3.83,0.46486882963276827
3.84,0.4639400210916467
3.8499999999999996,0.4630130683112281
3.86,0.4620879675837
3.8699999999999997,0.4611647152086585
3.88,0.46024330749309256
3.8899999999999997,0.4593237407513704
3.9,0.4584060113052235
3.9099999999999997,0.4574901154837332
3.92,0.4565760496233147
3.9299999999999997,0.45566381006770357
3.94,0.45475339316794017
3.9499999999999997,0.4538447952823559
3.96,0.4529380127765577
3.9699999999999998,0.45203304202341466
3.98,0.45112987940304233
3.9899999999999998,0.45022852130278923
4.0,0.44932896411722156
4.01,0.44843120424810956
4.02,0.4475352381044124
4.03,0.44664106210226434
4.04,0.4457486726649602
4.05,0.44485806622294116
4.06,0.44396923921378006
4.07,0.44308218808216776
4.08,0.44219690927989863
4.09,0.4413133992658562
4.1,0.4404316545059993
4.109999999999999,0.4395516714733476
4.12,0.4386734466479678
4.13,0.43779697651695965
4.14,0.4369222575744412
4.1499999999999995,0.43604928632153567
4.16,0.43517805926635666
4.17,0.4343085729239951
4.18,0.4334408238165043
4.1899999999999995,0.4325748084728867
4.2,0.4317105234290797
4.21,0.43084796522794205
4.22,0.4299871304192398
4.2299999999999995,0.4291280155596326
4.24,0.42827061721265963
4.25,0.4274149319487267
4.26,0.4265609563450914
4.27,0.42570868698585024
4.28,0.42485812046192456
4.29,0.4240092533710473
4.3,0.4231620823177488
4.31,0.4223166039133439
4.32,0.4214728147759176
4.33,0.42063071153031245
4.34,0.41979029080811425
4.35,0.41895154924763905
4.36,0.4181144834939193
4.37,0.41727909019869114
4.38,0.41644536602038007
4.39,0.41561330762408843
4.3999999999999995,0.41478291168158143
4.41,0.4139541748712741
4.42,0.4131270938782182
4.43,0.4123016653940888
4.4399999999999995,0.4114778861171706
4.45,0.4106557527523455
4.46,0.40983526201107895
4.47,0.409016410611407
4.4799999999999995,0.4081991952779227
4.49,0.4073836127417638
4.5,0.4065696597405991
4.51,0.4057573330186155
4.52,0.40494662932650494
4.53,0.4041375454214515
4.54,0.40333007806711874
4.55,0.402524224033636
4.56,0.4017199800975861
4.57,0.4009173430419921
4.58,0.40011630965630496
4.59,0.3993168767363899
4.6,0.3985190410845142
4.61,0.39772279950933415
4.62,0.39692814882588245
4.63,0.3961350858555554
4.64,0.39534360742609986
4.6499999999999995,0.39455371037160114
4.66,0.39376539153247
4.67,0.39297864775543
4.68,0.392193475893505
4.6899999999999995,0.39140987280600653
4.7,0.3906278353585211
4.71,0.38984736042289797
4.72,0.38906844487723635
4.7299999999999995,0.388291085605873
4.74,0.3875152794993697
4.75,0.38674102345450123
4.76,0.38596831437424217
4.77,0.3851971491677552
4.78,0.3844275247503785
4.79,0.3836594380436134
4.8,0.38289288597511206
4.81,0.38212786547866506
4.82,0.3813643734941895
4.83,0.38060240696771647
4.84,0.3798419628513787
4.85,0.37908303810339883
4.86,0.37832562968807676
4.87,0.37756973457577797
4.88,0.37681534974292086
4.89,0.37606247217196515
4.8999999999999995,0.37531109885139957
4.91,0.3745612267757298
4.92,0.3738128529454665
4.93,0.3730659743671134
4.9399999999999995,0.37232058805315527
4.95,0.3715766910220457
4.96,0.37083428029819565
4.97,0.37009335291196127
4.9799999999999995,0.3693539058996321
4.99,0.3686159363034188
5.0,0.36787944117144233
5.01,0.36714441755772104
5.02,0.3664108625221595
5.03,0.36567877313053654
5.04,0.36494814645449375
5.05,0.3642189795715233
5.06,0.3634912695649568
5.07,0.36276501352395324
5.08,0.36204020854348745
5.09,0.36131685172433853
5.1,0.3605949401730783
5.11,0.35987447100205955
5.12,0.3591554413294046
5.13,0.3584378482789939
5.14,0.3577216889804542
5.1499999999999995,0.35700696056914744
5.16,0.3562936601861588
5.17,0.35558178497828613
5.18,0.3548713320980274
5.1899999999999995,0.35416229870357036
5.2,0.35345468195878016
5.21,0.3527484790331891
5.22,0.3520436871019846
5.2299999999999995,0.3513403033459979
5.24,0.35063832495169295
5.25,0.3499377491111553
5.26,0.3492385730220808
5.27,0.34854079388776404
5.28,0.3478444089170874
5.29,0.3471494153245103
5.3,0.3464558103300574
5.31,0.3457635911593078
5.32,0.34507275504338375
5.33,0.34438329921894
5.34,0.34369522092815236
5.35,0.34300851741870675
5.36,0.34232318594378797
5.37,0.34163922376206945
5.38,0.34095662813770156
5.39,0.3402753963403009
5.3999999999999995,0.3395955256449392
5.41,0.3389170133321328
5.42,0.3382398566878317
5.43,0.3375640530034084
5.4399999999999995,0.3368895995756472
5.45,0.3362164937067333
5.46,0.3355447327042427
5.47,0.33487431388113026
5.4799999999999995,0.3342052345557199
5.49,0.3335374920516932
5.5,0.33287108369807955
5.51,0.33220600682924456
5.52,0.33154225878487975
5.53,0.33087983690999206
5.54,0.3302187385548933
5.55,0.3295589610751891
5.56,0.32890050183176855
5.57,0.32824335819079375
5.58,0.3275875275236895
5.59,0.3269330072071322
5.6,0.3262797946230395
5.61,0.32562788715856034
5.62,0.324977282206064
5.63,0.3243279771631299
5.64,0.3236799694325368
5.6499999999999995,0.32303325642225295
5.66,0.3223878355454255
5.67,0.3217437042203702
5.68,0.3211008598705607
5.6899999999999995,0.3204592999246188
5.7,0.31981902181630384
5.71,0.3191800229845027
5.72,0.318542300873219
5.7299999999999995,0.31790585293156354
5.74,0.3172706766137436
5.75,0.3166367693790533
5.76,0.31600412869186256
5.77,0.31537275202160797
5.78,0.31474263684278186
5.79,0.31411378063492296
5.8,0.3134861808826053
5.81,0.3128598350754292
5.82,0.3122347407080105
5.83,0.31161089527997105
5.84,0.3109882962959281
5.85,0.31036694126548503
5.86,0.30974682770322076
5.87,0.3091279531286804
5.88,0.3085103150663647
5.89,0.3078939110457206
5.8999999999999995,0.30727873860113125
5.91,0.306664795271906
5.92,0.3060520786022707
5.93,0.3054405861413579
5.9399999999999995,0.30483031544319683
5.95,0.3042212640667041
5.96,0.30361342957567317
5.97,0.3030068095387654
5.9799999999999995,0.3024014015294998
5.99,0.3017972031262435
6.0,0.30119421191220214
6.01,0.30059242547541
6.02,0.2999918414087205
6.03,0.2993924573097967
6.04,0.29879427078110127
6.05,0.2981972794298874
6.06,0.29760148086818883
6.07,0.2970068727128105
6.08,0.2964134525853191
6.09,0.2958212181120332
6.1,0.2952301669240142
6.11,0.29464029665705654
6.12,0.29405160495167837
6.13,0.2934640894531121
6.14,0.2928777478112949
6.15,0.2922925776808594
6.16,0.2917085767211244
6.17,0.2911257425960852
6.18,0.2905440729744046
6.1899999999999995,0.2899635655294032
6.2,0.2893842179390506
6.21,0.28880602788595566
6.22,0.2882289930573573
6.2299999999999995,0.2876531111451154
6.24,0.28707837984570167
6.25,0.2865047968601901
6.26,0.285932359894248
6.27,0.28536106665812666
6.28,0.2847909148666525
6.29,0.28422190223921745
6.3,0.2836540264997704
6.31,0.2830872853768075
6.32,0.2825216766033636
6.33,0.28195719791700274
6.34,0.2813938470598095
6.35,0.2808316217783798
6.36,0.28027051982381157
6.37,0.27971053895169634
6.38,0.27915167692210985
6.39,0.27859393149960326
6.4,0.27803730045319414
6.41,0.2774817815563575
6.42,0.2769273725870171
6.43,0.27637407132753633
6.4399999999999995,0.2758218755647094
6.45,0.27527078308975234
6.46,0.2747207916982947
6.47,0.2741718991903702
6.4799999999999995,0.2736241033704081
6.49,0.2730774020472242
6.5,0.2725317930340126
6.51,0.2719872741483365
6.52,0.2714438432121198
6.53,0.27090149805163766
6.54,0.270360236497509
6.55,0.2698200563846868
6.56,0.26928095555245
6.57,0.26874293184439435
6.58,0.2682059831084244
6.59,0.26767010719674456
6.6,0.2671353019658504
6.61,0.2666015652765202
6.62,0.26606889499380665
6.63,0.2655372889870278
6.64,0.26500674512975897
6.65,0.26447726129982396
6.66,0.2639488353792868
6.67,0.2634214652544431
6.68,0.2628951488158117
6.6899999999999995,0.26236988395812605
6.7,0.261845668580326
6.71,0.2613225005855494
6.72,0.2608003778811237
6.7299999999999995,0.2602792983785572
6.74,0.2597592599935311
6.75,0.2592402606458915
6.76,0.2587222982596401
6.77,0.2582053707629267
6.78,0.25768947608804055
6.79,0.2571746121714024
6.8,0.25666077695355594
6.81,0.2561479683791594
6.82,0.25563618439697783
6.83,0.2551254229598748
6.84,0.2546156820248038
6.85,0.2541069595528003
6.86,0.25359925350897383
6.87,0.25309256186249957
6.88,0.2525868825866103
6.89,0.252082213658588
6.9,0.25157855305975646
6.91,0.25107589877547265
6.92,0.2505742487951188
6.93,0.25007360111209415
6.9399999999999995,0.24957395372380733
6.95,0.24907530463166816
6.96,0.24857765184107972
6.97,0.24808099336143002
6.9799999999999995,0.24758532720608456
6.99,0.24709065139237796
7.0,0.2465969639416065
7.01,0.24610426287901954
7.02,0.24561254623381226
7.03,0.24512181203911731
7.04,0.2446320583319975
7.05,0.2441432831534371
7.06,0.24365548454833486
7.07,0.24316866056549563
7.08,0.24268280925762298
7.09,0.2421979286813109
7.1,0.24171401689703645
7.11,0.24123107196915186
7.12,0.24074909196587688
7.13,0.2402680749592907
7.14,0.2397880190253247
7.15,0.2393089222437545
7.16,0.23883078269819244
7.17,0.23835359847607956
7.18,0.2378773676686784
7.1899999999999995,0.23740208837106508
7.2,0.23692775868212176
7.21,0.2364543767045291
7.22,0.23598194054475852
7.2299999999999995,0.23551044831306475
7.24,0.23503989812347828
7.25,0.23457028809379765
7.26,0.2341016163455822
7.27,0.23363388100414423
7.28,0.2331670801985418
7.29,0.23270121206157107
7.3,0.23223627472975883
7.31,0.23177226634335515
7.32,0.23130918504632592
7.33,0.23084702898634524
7.34,0.23038579631478834
7.35,0.22992548518672384
7.36,0.22946609376090668
7.37,0.2290076201997705
7.38,0.2285500626694205
7.39,0.22809341933962587
7.4,0.22763768838381274
7.41,0.22718286797905665
7.42,0.22672895630607542
7.43,0.2262759515492217
7.4399999999999995,0.22582385189647586
7.45,0.22537265553943872
7.46,0.22492236067332425
7.47,0.22447296549695234
7.4799999999999995,0.22402446821274175
7.49,0.22357686702670268
7.5,0.22313016014842982
7.51,0.22268434579109508
7.52,0.2222394221714404
7.53,0.22179538750977074
7.54,0.22135224002994683
7.55,0.2209099779593782
7.56,0.22046859952901593
7.57,0.22002810297334574
7.58,0.21958848653038082
7.59,0.2191497484416548
7.6,0.21871188695221475
7.61,0.21827490031061414
7.62,0.21783878676890578
7.63,0.21740354458263497
7.64,0.21696917201083235
7.65,0.21653566731600707
7.66,0.21610302876413975
7.67,0.21567125462467565
7.68,0.21524034317051757
7.6899999999999995,0.21481029267801924
7.7,0.21438110142697794
7.71,0.21395276770062824
7.72,0.2135252897856346
7.7299999999999995,0.21309866597208485
7.74,0.21267289455348304
7.75,0.21224797382674304
7.76,0.21182390209218135
7.77,0.2114006776535105
7.78,0.21097829881783206
7.79,0.21055676389563024
7.8,0.21013607120076472
7.81,0.20971621905046425
7.82,0.20929720576531952
7.83,0.20887902966927693
7.84,0.20846168908963153
7.85,0.2080451823570205
7.86,0.2076295078054162
7.87,0.20721466377212
7.88,0.20680064859775515
7.89,0.2063874606262605
7.9,0.20597509820488344
7.91,0.2055635596841739
7.92,0.20515284341797715
7.93,0.20474294776342766
7.94,0.20433387108094214
7.95,0.20392561173421342
7.96,0.20351816809020354
7.97,0.20311153851913744
7.9799999999999995,0.20270572139449616
7.99,0.2023007150930107
8.0,0.20189651799465538
8.01,0.2014931284826413
8.02,0.20109054494340975
8.03,0.2006887657666261
8.04,0.2002877893451731
8.05,0.1998876140751445
8.06,0.19948823835583873
8.07,0.1990896605897524
8.08,0.19869187918257386
8.09,0.198294892543177
8.1,0.1978986990836147
8.11,0.19750329721911258
8.12,0.1971086853680627
8.13,0.19671486195201704
8.14,0.1963218253956815
8.15,0.19592957412690934
8.16,0.1955381065766949
8.17,0.19514742117916753
8.18,0.19475751637158503
8.19,0.1943683905943277
8.2,0.1939800422908919
8.209999999999999,0.19359246990788392
8.22,0.19320567189501364
8.23,0.1928196467050886
8.24,0.19243439279400748
8.25,0.19204990862075413
8.26,0.1916661926473913
8.27,0.1912832433390546
8.28,0.19090105916394634
8.29,0.19051963859332924
8.3,0.1901389801015205
8.31,0.18975908216588572
8.32,0.18937994326683263
8.33,0.18900156188780515
8.34,0.1886239365152772
8.35,0.1882470656387468
8.36,0.18787094775072993
8.37,0.18749558134675456
8.38,0.18712096492535454
8.39,0.18674709698806377
8.4,0.18637397603940994
8.41,0.1860016005869088
8.42,0.18562996914105798
8.43,0.18525908021533122
8.44,0.18488893232617234
8.45,0.18451952399298926
8.459999999999999,0.18415085373814827
8.47,0.1837829200869676
8.48,0.1834157215677124
8.49,0.18304925671158812
8.5,0.18268352405273466
8.51,0.182318522128221
8.52,0.18195424947803895
8.53,0.1815907046450974
8.54,0.18122788617521662
8.55,0.18086579261712205
8.56,0.18050442252243917
8.57,0.1801437744456871
8.58,0.17978384694427296
8.59,0.17942463857848634
8.6,0.17906614791149322
8.61,0.17870837350933053
8.62,0.1783513139409002
8.63,0.17799496777796328
8.64,0.17763933359513492
8.65,0.17728440996987782
8.66,0.17693019548249692
8.67,0.17657668871613388
8.68,0.1762238882567611
8.69,0.17587179269317638
8.7,0.17552040061699692
8.71,0.17516971062265385
8.72,0.1748197213073869
8.73,0.17447043127123832
8.74,0.1741218391170474
8.75,0.17377394345044514
8.76,0.17342674287984836
8.77,0.17308023601645434
8.78,0.17273442147423518
8.79,0.1723892978699322
8.8,0.17204486382305048
8.81,0.17170111795585358
8.82,0.17135805889335737
8.83,0.17101568526332522
8.84,0.17067399569626215
8.85,0.17033298882540943
8.86,0.16999266328673915
8.87,0.16965301771894864
8.88,0.16931405076345515
8.89,0.16897576106439058
8.9,0.1686381472685955
8.91,0.16830120802561438
8.92,0.16796494198768974
8.93,0.167629347809757
8.94,0.16729442414943907
8.95,0.16696016966704072
8.96,0.16662658302554362
8.97,0.16629366289060088
8.98,0.16596140793053138
8.99,0.16562981681631492
9.0,0.16529888822158653
9.01,0.16496862082263145
9.02,0.16463901329837963
9.03,0.1643100643304005
9.04,0.16398177260289776
9.05,0.16365413680270405
9.06,0.1633271556192758
9.07,0.16300082774468777
9.08,0.16267515187362808
9.09,0.16235012670339277
9.1,0.1620257509338808
9.11,0.16170202326758853
9.12,0.16137894240960496
9.13,0.16105650706760616
9.14,0.16073471595185038
9.15,0.16041356777517274
9.16,0.1600930612529801
9.17,0.15977319510324592
9.18,0.15945396804650522
9.19,0.15913537880584927
9.2,0.1588174261069207
9.21,0.1585001086779083
9.22,0.15818342524954201
9.23,0.1578673745550876
9.24,0.15755195533034191
9.25,0.1572371663136276
9.26,0.15692300624578823
9.27,0.15660947387018306
9.28,0.15629656793268215
9.29,0.15598428718166138
9.3,0.1556726303679973
9.31,0.15536159624506227
9.32,0.15505118356871936
9.33,0.1547413910973175
9.34,0.15443221759168635
9.35,0.15412366181513143
9.36,0.15381572253342932
9.37,0.1535083985148224
9.38,0.15320168853001417
9.39,0.15289559135216438
9.4,0.15259010575688386
9.41,0.1522852305222298
9.42,0.15198096442870093
9.43,0.1516773062592324
9.44,0.15137425479919112
9.45,0.15107180883637086
9.46,0.15076996716098734
9.47,0.15046872856567356
9.48,0.15016809184547464
9.49,0.14986805579784332
9.5,0.14956861922263506
9.51,0.14926978092210308
9.52,0.14897153970089383
9.53,0.148673894366042
9.54,0.14837684372696586
9.55,0.14808038659546244
9.56,0.14778452178570287
9.57,0.14748924811422748
9.58,0.14719456439994125
9.59,0.14690046946410884
9.6,0.14660696213035015
9.61,0.14631404122463545
9.62,0.14602170557528074
9.63,0.145729954012943
9.64,0.14543878537061566
9.65,0.1451481984836237
9.66,0.14485819218961926
9.67,0.14456876532857668
9.68,0.14427991674278817
9.69,0.143991645276859
9.7,0.14370394977770293
9.71,0.14341682909453754
9.72,0.1431302820788798
9.73,0.1428443075845412
9.74,0.14255890446762343
9.75,0.1422740715865136
9.76,0.14198980780187978
9.77,0.1417061119766665
9.78,0.14142298297609007
9.79,0.14114041966763413
9.8,0.14085842092104497
9.81,0.14057698560832735
9.82,0.14029611260373964
9.83,0.1400158007837894
9.84,0.13973604902722894
9.85,0.13945685621505094
9.86,0.13917822123048373
9.87,0.13890014295898703
9.88,0.1386226202882473
9.89,0.1383456521081736
9.9,0.13806923731089282
9.91,0.13779337479074535
9.92,0.13751806344428075
9.93,0.13724330217025332
9.94,0.13696908986961753
9.95,0.13669542544552388
9.96,0.13642230780331419
9.97,0.13614973585051768
9.98,0.13587770849684613
9.99,0.1356062246541897
10.0,0.1353352832366127
10.01,0.13506488316034912
10.02,0.1347950233437982
10.03,0.13452570270752046
10.04,0.13425692017423285
10.05,0.13398867466880493
10.06,0.1337209651182544
10.07,0.1334537904517426
10.08,0.1331871496005706
10.09,0.13292104149817457
10.1,0.13265546508012172
10.11,0.1323904192841061
10.12,0.1321259030499441
10.13,0.13186191531957048
10.14,0.131598455037034
10.15,0.13133552114849303
10.16,0.13107311260221188
10.17,0.13081122834855588
10.18,0.13054986733998764
10.19,0.1302890285310629
10.2,0.1300287108784259
10.21,0.1297689133408058
10.22,0.12950963487901218
10.23,0.12925087445593067
10.24,0.1289926310365194
10.25,0.12873490358780423
10.26,0.12847769107887502
10.27,0.1282209924808815
10.28,0.1279648067670288
10.29,0.12770913291257383
10.3,0.12745396989482075
10.31,0.12719931669311715
10.32,0.12694517228885002
10.33,0.1266915356654413
10.34,0.1264384058083441
10.35,0.12618578170503877
10.36,0.12593366234502845
10.37,0.1256820467198355
10.38,0.12543093382299692
10.39,0.12518032265006088
10.4,0.12493021219858241
10.41,0.12468060146811931
10.42,0.12443148946022826
10.43,0.12418287517846102
10.44,0.12393475762836002
10.45,0.12368713581745483
10.46,0.12344000875525778
10.47,0.12319337545326033
10.48,0.122947234924929
10.49,0.1227015861857013
10.5,0.1224564282529819
10.51,0.12221176014613884
10.52,0.12196758088649925
10.53,0.12172388949734589
10.54,0.12148068500391282
10.55,0.12123796643338162
10.56,0.12099573281487792
10.57,0.12075398317946681
10.58,0.12051271656014938
10.59,0.12027193199185891
10.6,0.12003162851145673
10.61,0.11979180515772868
10.62,0.11955246097138099
10.63,0.11931359499503648
10.64,0.11907520627323114
10.65,0.11883729385240965
10.66,0.11859985678092198
10.67,0.11836289410901962
10.68,0.11812640488885146
10.69,0.1178903881744604
10.7,0.11765484302177924
10.71,0.11741976848862692
10.72,0.11718516363470523
10.73,0.11695102752159432
10.74,0.11671735921274938
10.75,0.11648415777349697
10.76,0.11625142227103091
10.77,0.116019151774409
10.78,0.11578734535454886
10.79,0.11555600208422448
10.8,0.11532512103806251
10.81,0.11509470129253851
10.82,0.11486474192597308
10.83,0.11463524201852858
10.84,0.11440620065220493
10.85,0.1141776169108365
10.86,0.11394948988008793
10.87,0.11372181864745078
10.88,0.11349460230223983
10.89,0.11326783993558948
10.9,0.11304153064044985
10.91,0.11281567351158354
10.92,0.11259026764556165
10.93,0.11236531214076052
10.94,0.11214080609735777
10.95,0.11191674861732888
10.96,0.11169313880444368
10.97,0.11146997576426268
10.98,0.1112472586041333
10.99,0.11102498643318673
11.0,0.11080315836233387
11.01,0.11058177350426224
11.02,0.11036083097343208
11.03,0.1101403298860729
11.04,0.10992026936018018
11.05,0.10970064851551141
11.06,0.10948146647358296
11.07,0.10926272235766643
11.08,0.10904441529278498
11.09,0.10882654440571013
11.1,0.10860910882495801
11.11,0.10839210768078596
11.12,0.10817554010518919
11.13,0.10795940523189702
11.14,0.10774370219636975
11.15,0.10752843013579495
11.16,0.10731358818908403
11.17,0.107099175496869
11.18,0.10688519120149874
11.19,0.10667163444703576
11.2,0.10645850437925285
11.21,0.10624580014562934
11.22,0.1060335208953481
11.23,0.10582166577929185
11.24,0.10561023395003975
11.25,0.10539922456186433
11.26,0.10518863677072769
11.27,0.10497846973427834
11.28,0.10476872261184794
11.29,0.10455939456444763
11.3,0.104350484754765
11.31,0.10414199234716055
11.32,0.10393391650766431
11.33,0.10372625640397273
11.34,0.10351901120544506
11.35,0.1033121800831002
11.36,0.10310576220961346
11.37,0.102899756759313
11.38,0.10269416290817676
11.39,0.10248897983382912
11.4,0.10228420671553744
11.41,0.10207984273420903
11.42,0.10187588707238768
11.43,0.1016723389142504
11.44,0.10146919744560438
11.45,0.1012664618538834
11.46,0.10106413132814486
11.47,0.10086220505906641
11.48,0.10066068223894266
11.49,0.1004595620616821
11.5,0.10025884372280375
11.51,0.10005852641943393
11.52,0.09985860935030323
11.53,0.09965909171574303
11.54,0.09945997271768262
11.55,0.09926125155964566
11.56,0.09906292744674727
11.57,0.09886499958569081
11.58,0.0986674671847645
11.59,0.09847032945383845
11.6,0.09827358560436154
11.61,0.09807723484935806
11.62,0.09788127640342477
11.63,0.09768570948272756
11.64,0.09749053330499854
11.65,0.09729574708953276
11.66,0.09710135005718508
11.67,0.09690734143036704
11.68,0.09671372043304398
11.69,0.09652048629073155
11.7,0.09632763823049303
11.71,0.09613517548093582
11.72,0.09594309727220873
11.73,0.09575140283599869
11.74,0.09556009140552765
11.75,0.09536916221554961
11.76,0.09517861450234763
11.77,0.09498844750373053
11.78,0.09479866045903014
11.79,0.09460925260909797
11.8,0.0944202231963023
11.81,0.0942315714645254
11.82,0.09404329665916
11.83,0.09385539802710659
11.84,0.09366787481677047
11.85,0.09348072627805847
11.86,0.09329395166237625
11.87,0.09310755022262508
11.88,0.09292152121319885
11.89,0.09273586388998147
11.9,0.09255057751034329
11.91,0.0923656613331385
11.92,0.09218111461870225
11.93,0.09199693662884734
11.94,0.09181312662686165
11.95,0.09162968387750488
11.96,0.09144660764700571
11.97,0.09126389720305915
11.98,0.09108155181482308
11.99,0.09089957075291567
12.0,0.09071795328941251
12.01,0.09053669869784343
12.02,0.0903558062531899
12.03,0.09017527523188185
12.040000000000001,0.08999510491179488
12.05,0.08981529457224763
12.06,0.08963584349399842
12.07,0.08945675095924267
12.08,0.08927801625161007
12.09,0.08909963865616147
12.1,0.08892161745938634
12.11,0.08874395194919961
12.12,0.08856664141493896
12.13,0.08838968514736205
12.14,0.08821308243864363
12.15,0.08803683258237255
12.16,0.0878609348735492
12.17,0.08768538860858248
12.18,0.08751019308528712
12.19,0.08733534760288081
12.2,0.0871608514619813
12.21,0.08698670396460385
12.22,0.08681290441415829
12.23,0.0866394521154461
12.24,0.08646634637465792
12.25,0.0862935864993705
12.26,0.08612117179854416
12.27,0.08594910158251985
12.28,0.08577737516301644
12.290000000000001,0.08560599185312803
12.3,0.08543495096732123
12.31,0.08526425182143217
12.32,0.08509389373266411
12.33,0.08492387601958441
12.34,0.08475419800212207
12.35,0.08458485900156473
12.36,0.08441585834055614
12.37,0.0842471953430935
12.38,0.08407886933452453
12.39,0.083910879641545
12.4,0.08374322559219596
12.41,0.0835759065158609
12.42,0.08340892174326339
12.43,0.08324227060646405
12.44,0.0830759524388581
12.45,0.0829099665751727
12.46,0.08274431235146412
12.47,0.08257898910511527
12.48,0.08241399617483297
12.49,0.08224933290064523
12.5,0.0820849986238988
12.51,0.0819209926872563
12.52,0.08175731443469375
12.53,0.08159396321149798
12.540000000000001,0.08143093836426381
12.55,0.08126823924089167
12.56,0.0811058651905849
12.57,0.08094381556384699
12.58,0.08078208971247929
12.59,0.08062068698957815
12.6,0.08045960674953244
12.61,0.08029884834802102
12.62,0.08013841114201005
12.63,0.07997829448975048
12.64,0.07981849775077554
12.65,0.07965902028589801
12.66,0.07949986145720786
12.67,0.07934102062806954
12.68,0.07918249716311948
12.69,0.07902429042826369
12.7,0.07886639979067495
12.71,0.07870882461879052
12.72,0.07855156428230954
12.73,0.0783946181521904
12.74,0.07823798560064842
12.75,0.07808166600115317
12.76,0.077925658728426
12.77,0.07776996315843766
12.78,0.07761457866840563
12.790000000000001,0.07745950463679176
12.8,0.07730474044329974
12.81,0.07715028546887254
12.82,0.07699613909569011
12.83,0.07684230070716673
12.84,0.0766887696879486
12.85,0.07653554542391151
12.86,0.07638262730215813
12.87,0.07623001471101583
12.88,0.07607770704003398
12.89,0.07592570367998173
12.9,0.07577400402284548
12.91,0.07562260746182634
12.92,0.07547151339133784
12.93,0.07532072120700357
12.94,0.07517023030565453
12.95,0.07502004008532698
12.96,0.07487014994525974
12.97,0.07472055928589212
12.98,0.07457126750886131
12.99,0.07442227401699995
13.0,0.07427357821433388
13.01,0.0741251795060797
13.02,0.07397707729864236
13.03,0.0738292709996129
13.040000000000001,0.07368176001776583
13.05,0.07353454376305707
13.06,0.07338762164662144
13.07,0.07324099308077024
13.08,0.07309465747898901
13.09,0.07294861425593517
13.1,0.07280286282743559
13.11,0.07265740261048442
13.12,0.07251223302324057
13.13,0.07236735348502543
13.14,0.07222276341632078
13.15,0.0720784622387661
13.16,0.07193444937515645
13.17,0.07179072424944025
13.18,0.07164728628671672
13.19,0.0715041349132339
13.2,0.07136126955638608
13.21,0.07121868964471158
13.22,0.07107639460789066
13.23,0.07093438387674295
13.24,0.0707926568832253
13.25,0.0706512130604296
13.26,0.0705100518425803
13.27,0.07036917266503243
13.28,0.07022857496426904
13.290000000000001,0.07008825817789908
13.3,0.06994822174465536
13.31,0.06980846510439187
13.32,0.06966898769808184
13.33,0.06952978896781553
13.34,0.06939086835679777
13.35,0.069252225309346
13.36,0.06911385927088778
13.37,0.06897576968795878
13.38,0.06883795600820049
13.39,0.06870041768035806
13.4,0.06856315415427791
13.41,0.06842616488090583
13.42,0.06828944931228448
13.43,0.06815300690155146
13.44,0.0680168371029369
13.45,0.06788093937176144
13.46,0.06774531316443397
13.47,0.0676099579384495
13.48,0.0674748731523869
13.49,0.06734005826590692
13.5,0.06720551273974976
13.51,0.06707123603573319
13.52,0.06693722761675018
13.53,0.06680348694676687
13.540000000000001,0.06667001349082043
13.55,0.06653680671501686
13.56,0.06640386608652883
13.57,0.06627119107359372
13.58,0.06613878114551125
13.59,0.06600663577264156
13.6,0.06587475442640298
13.61,0.0657431365792699
13.62,0.06561178170477083
13.63,0.06548068927748603
13.64,0.06534985877304565
13.65,0.06521928966812753
13.66,0.065088981440455
13.67,0.06495893356879505
13.68,0.06482914553295599
13.69,0.06469961681378547
13.7,0.0645703468931685
13.71,0.06444133525402518
13.72,0.06431258138030878
13.73,0.06418408475700368
13.74,0.06405584487012317
13.75,0.06392786120670757
13.76,0.06380013325482203
13.77,0.06367266050355457
13.78,0.06354544244301402
13.790000000000001,0.06341847856432796
13.8,0.0632917683596407
13.81,0.06316531132211131
13.82,0.0630391069459114
13.83,0.06291315472622334
13.84,0.06278745415923809
13.85,0.06266200474215315
13.86,0.06253680597317077
13.87,0.06241185735149562
13.88,0.0622871583773331
13.89,0.062162708551887165
13.9,0.06203850737735829
13.91,0.061914554356941674
13.92,0.061790848994825044
13.93,0.061667390796186744
13.94,0.06154417926719389
13.95,0.06142121391500013
13.96,0.061298494247743925
13.97,0.06117601977454647
13.98,0.06105379000550965
13.99,0.06093180445171429
14.0,0.06081006262521797
14.01,0.06068856403905322
14.02,0.060567308207225556
14.03,0.06044629464471146
14.040000000000001,0.06032552286745654
14.05,0.06020499239237354
14.06,0.06008470273734036
14.07,0.05996465342119827
14.08,0.059844843963749825
14.09,0.05972527388575699
14.1,0.05960594270893937
14.11,0.05948684995597202
14.12,0.05936799515048385
14.13,0.0592493778170554
14.14,0.05913099748121722
14.15,0.05901285366944784
14.16,0.05889494590917182
14.17,0.058777273728757934
14.18,0.05865983665751736
14.19,0.0585426342257016
14.2,0.05842566596450083
14.21,0.05830893140604179
14.22,0.05819243008338612
14.23,0.0580761615305284
14.24,0.057960125282394234
14.25,0.057844320874838456
14.26,0.05772874784464333
14.27,0.05761340572951652
14.28,0.057498294068089484
14.290000000000001,0.05738341239991535
14.3,0.05726876026546733
14.31,0.05715433720613676
14.32,0.057040142764231215
14.33,0.056926176482972754
14.34,0.056812437906496156
14.35,0.0566989265798469
14.36,0.056585642048979604
14.37,0.05647258386075594
14.38,0.05635975156294296
14.39,0.05624714470421144
14.4,0.056134762834133725
14.41,0.05602260550318217
14.42,0.055910672262727355
14.43,0.05579896266503611
14.44,0.05568747626326995
14.45,0.055576212611483086
14.46,0.05546517126462073
14.47,0.05535435177851743
14.48,0.055243753709895045
14.49,0.05513337661636114
14.5,0.05502322005640723
14.51,0.05491328358940689
14.52,0.054803566775614154
14.53,0.05469406917616159
14.540000000000001,0.054584790353058604
14.55,0.05447572986918986
14.56,0.05436688728831322
14.57,0.05425826217505821
14.58,0.05414985409492427
14.59,0.054041662614278875
14.6,0.05393368730035602
14.61,0.05382592772125428
14.62,0.053718383445935165
14.63,0.053611054044221465
14.64,0.05350393908679544
14.65,0.053397038145197084
14.66,0.053290350791822524
14.67,0.05318387659992216
14.68,0.053077615143599134
14.69,0.05297156599780745
14.7,0.05286572873835037
14.71,0.052760102941878724
14.72,0.05265468818588921
14.73,0.05254948404872264
14.74,0.05244449010956234
14.75,0.05233970594843238
14.76,0.05223513114619603
14.77,0.05213076528455391
14.78,0.052026607946042414
14.790000000000001,0.05192265871403207
14.8,0.05181891717272583
14.81,0.05171538290715736
14.82,0.05161205550318949
14.83,0.051508934547512424
14.84,0.051406019627642255
14.85,0.051303310331919136
14.86,0.05120080624950572
14.87,0.0510985069703856
14.88,0.050996412085361466
14.89,0.05089452118605367
14.9,0.0507928338648985
14.91,0.050691349715146494
14.92,0.05059006833086096
14.93,0.0504889893069162
14.94,0.05038811223899596
14.95,0.050287436723591886
14.96,0.050186962358001734
14.97,0.05008668874032793
14.98,0.049986615469475894
14.99,0.04988674214515236
15.0,0.049787068367863944
15.01,0.04968759373891538
15.02,0.049588317860408
15.03,0.04948924033523821
15.040000000000001,0.049390360767095715
15.05,0.04929167876046215
15.06,0.04919319392060936
15.07,0.04909490585359783
15.08,0.0489968141662752
15.09,0.04889891846627456
15.1,0.04880121836201296
15.11,0.048703713462689896
15.12,0.048606403378285604
15.13,0.04850928771955963
15.14,0.04841236609804924
15.15,0.04831563812606777
15.16,0.04821910341670324
15.17,0.048122761583816676
15.18,0.048026612242040585
15.19,0.04793065500677752
15.2,0.04783488949419837
15.21,0.047739315321240976
15.22,0.047643932105608536
15.23,0.04754873946576803
15.24,0.0474537370209488
15.25,0.04735892439114093
15.26,0.047264301197093746
15.27,0.04716986706031439
15.28,0.04707562160306615
15.290000000000001,0.04698156444836709
15.3,0.046887695219988486
15.31,0.04679401354245326
15.32,0.04670051904103461
15.33,0.0466072113417544
15.34,0.04651409007138167
15.35,0.04642115485743127
15.36,0.046328405328162174
15.37,0.046235841112576184
15.38,0.04614346184041627
15.39,0.046051267142165245
15.4,0.045959256649044204
15.41,0.04586742999301104
15.42,0.04577578680675899
15.43,0.04568432672371522
15.44,0.045593049378039235
15.45,0.04550195440462157
15.46,0.04541104143908218
15.47,0.04532031011776909
15.48,0.04522976007775692
15.49,0.04513939095684536
15.5,0.0450492023935578
15.51,0.0449591940271399
15.52,0.04486936549755803
15.53,0.044779716445498004
15.540000000000001,0.04469024651236344
15.55,0.044600955340274515
15.56,0.04451184257206644
15.57,0.044422907851287996
15.58,0.04433415082220017
15.59,0.04424557112977477
15.6,0.04415716841969286
15.61,0.04406894233834353
15.620000000000001,0.04398089253282229
15.63,0.043893018650929816
15.64,0.04380532034117049
15.65,0.04371779725275094
15.66,0.043630449035578674
15.67,0.04354327534026074
15.68,0.04345627581810221
15.69,0.04336945012110491
15.7,0.043282797901965916
15.71,0.04319631881407621
15.72,0.043110012511519386
15.73,0.04302387864907009
15.74,0.042937916882192735
15.75,0.04285212686704019
15.76,0.04276650826045222
15.77,0.04268106071995433
15.78,0.042595783903756235
15.790000000000001,0.042510677470750505
15.8,0.042425741080511385
15.81,0.042340974393293145
15.82,0.042256377070028925
15.83,0.04217194877232933
15.84,0.042087689162481054
15.85,0.04200359790344555
15.86,0.041919674658857674
15.870000000000001,0.04183591909302428
15.88,0.04175233087092308
15.89,0.04166890965820104
15.9,0.04158565512117316
15.91,0.04150256692682124
15.92,0.04141964474279235
15.93,0.041336888237397666
15.94,0.04125429707961105
15.95,0.04117187093906774
15.96,0.04108960948606308
15.97,0.04100751239155117
15.98,0.04092557932714349
15.99,0.0408438099651077
16.0,0.04076220397836621
16.01,0.040680761040494985
16.020000000000003,0.04059948082572216
16.03,0.04051836300892679
16.040000000000003,0.040437407265637465
16.05,0.04035661327203115
16.060000000000002,0.04027598070493168
16.07,0.040195509241808786
16.080000000000002,0.040115198560776416
16.090000000000003,0.04003504834059176
16.1,0.039955058260653896
16.110000000000003,0.03987522800100232
16.12,0.039795557242315927
16.130000000000003,0.03971604566591155
16.14,0.0396366929537428
16.150000000000002,0.03955749878839871
16.16,0.039478462853102525
16.17,0.039399584831710376
16.180000000000003,0.039320864408710084
16.19,0.039242301269219876
16.200000000000003,0.039163895098987045
16.21,0.03908564558438687
16.220000000000002,0.03900755241242109
16.23,0.038929615270717026
16.240000000000002,0.03885183384752591
16.250000000000004,0.038774207831721974
16.26,0.038696736912801115
16.270000000000003,0.03861942078087947
16.28,0.03854225912669246
16.290000000000003,0.03846525164159332
16.3,0.038388398017552054
16.310000000000002,0.03831169794715403
16.32,0.03823515112359889
16.330000000000002,0.03815875724069921
16.340000000000003,0.03808251599287937
16.35,0.0380064270751743
16.360000000000003,0.03793049018322818
16.37,0.03785470501329341
16.380000000000003,0.03777907126222911
16.39,0.037703588627500284
16.400000000000002,0.0376282568071762
16.41,0.03755307549992954
16.42,0.03747804440503493
16.430000000000003,0.03740316322236791
16.44,0.03732843165240367
16.450000000000003,0.03725384939621579
16.46,0.03717941615547519
16.470000000000002,0.03710513163244876
16.48,0.037030995529998355
16.490000000000002,0.03695700755157943
16.500000000000004,0.03688316740123998
16.51,0.03680947478361933
16.520000000000003,0.03673592940394688
16.53,0.03666253096804106
16.540000000000003,0.03658927918230795
16.55,0.0365161737537404
16.560000000000002,0.036443214389916524
16.57,0.03637040079899881
16.580000000000002,0.03629773268973277
16.590000000000003,0.03622520977144589
16.6,0.03615283175404641
16.610000000000003,0.03608059834802213
16.62,0.036008509264439374
16.630000000000003,0.035936564214941666
16.64,0.03586476291174875
16.650000000000002,0.03579310506765528
16.66,0.035721590396029845
16.67,0.03565021861081357
16.680000000000003,0.03557898942651929
16.69,0.035507902558230185
16.700000000000003,0.035436957721598605
16.71,0.03536615463284522
16.720000000000002,0.03529549300875748
16.73,0.035224972566688856
16.740000000000002,0.035154593024557444
16.750000000000004,0.035084354100845004
16.76,0.03501425551459577
16.770000000000003,0.034944296985415256
16.78,0.03487447823346929
16.790000000000003,0.03480479897948275
16.8,0.03473525894473855
16.810000000000002,0.034665857851076426
16.82,0.034596595420891954
16.830000000000002,0.03452747137713525
16.840000000000003,0.03445848544331011
16.85,0.03438963734347271
16.860000000000003,0.0343209268022305
16.87,0.0342523535447413
16.880000000000003,0.03418391729671192
16.89,0.03411561778439732
16.900000000000002,0.03404745473459933
16.91,0.033979427874665694
16.92,0.03391153693248884
16.930000000000003,0.033843781636504935
16.94,0.03377616171569272
16.950000000000003,0.03370867689957238
16.96,0.03364132691820461
16.970000000000002,0.03357411150218934
16.98,0.03350703038266488
16.990000000000002,0.033440083291306585
17.000000000000004,0.03337326996032605
17.01,0.03330659012246989
17.020000000000003,0.03324004351101858
17.03,0.03317362985978568
17.040000000000003,0.033107348903116424
17.05,0.03304120037588693
17.060000000000002,0.03297518401350299
17.07,0.03290929955189908
17.080000000000002,0.03284354672753725
17.090000000000003,0.03277792527740611
17.1,0.0327124349390198
17.110000000000003,0.032647075450416854
17.12,0.03258184655015925
17.130000000000003,0.03251674797733127
17.14,0.03245177947153859
17.150000000000002,0.032386940772907026
17.160000000000004,0.03232223162208174
17.17,0.032257651760226075
17.180000000000003,0.032193200929020414
17.19,0.03212887887066144
17.200000000000003,0.032064685327860755
17.21,0.03200062004384415
17.220000000000002,0.03193668276235038
17.23,0.031872873227630244
17.240000000000002,0.03180919118444551
17.250000000000004,0.031745636378067925
17.26,0.03168220855427819
17.270000000000003,0.0316189074593649
17.28,0.031555732840123626
17.290000000000003,0.03149268444385577
17.3,0.03142976201836771
17.310000000000002,0.031366965311969586
17.32,0.03130429407347458
17.330000000000002,0.031241748052197565
17.340000000000003,0.03117932699795441
17.35,0.03111703066106086
17.360000000000003,0.031054858792331417
17.37,0.03099281114307856
17.380000000000003,0.03093088746511159
17.39,0.03086908751073573
17.400000000000002,0.030807411032751062
17.410000000000004,0.030745857784451602
17.42,0.030684427519624285
17.430000000000003,0.030623119992547947
17.44,0.030561934957992424
17.450000000000003,0.03050087217121747
17.46,0.03043993138797189
17.470000000000002,0.030379112364492415
17.48,0.03031841485750294
17.490000000000002,0.030257838624213294
17.500000000000004,0.030197383422318473
17.51,0.030137049009997648
17.520000000000003,0.030076835145913017
17.53,0.030016741589209084
17.540000000000003,0.02995676809951152
17.55,0.029896914436926308
17.560000000000002,0.029837180362038692
17.57,0.02977756563591232
17.580000000000002,0.029718070020088187
17.590000000000003,0.029658693276583756
17.6,0.029599435167891985
17.610000000000003,0.029540295456980344
17.62,0.02948127390728994
17.630000000000003,0.029422370282734436
17.64,0.029363584347699333
17.650000000000002,0.029304915867040746
17.660000000000004,0.029246364606084686
17.67,0.029187930330626086
17.680000000000003,0.029129612806927697
17.69,0.02907141180171939
17.700000000000003,0.02901332708219704
17.71,0.028955358416021718
17.720000000000002,0.02889750557131865
17.73,0.028839768316676413
17.740000000000002,0.02878214642114588
17.750000000000004,0.02872463965423941
17.76,0.028667247785929866
17.770000000000003,0.02860997058664968
17.78,0.02855280782729001
17.790000000000003,0.028495759279199683
17.8,0.028438824714184505
17.810000000000002,0.028382003904506077
17.82,0.02832529662288112
17.830000000000002,0.028268702642480412
17.840000000000003,0.028212221736927966
17.85,0.028155853680300096
17.860000000000003,0.028099598247124474
17.87,0.02804345521237932
17.880000000000003,0.027987424351492395
17.89,0.027931505440340204
17.900000000000002,0.027875698255247005
17.910000000000004,0.027820002572983994
17.92,0.02776441817076838
17.930000000000003,0.027708944826262457
17.94,0.027653582317572808
17.950000000000003,0.027598330423249263
17.96,0.02754318892228425
17.970000000000002,0.02748815759411162
17.98,0.027433236218606032
17.990000000000002,0.027378424576081885
18.000000000000004,0.027323722447292545
18.01,0.02726912961342944
18.020000000000003,0.027214645856121135
18.03,0.027160270957432554
18.040000000000003,0.027106004699864
18.05,0.027051846866350402
18.060000000000002,0.026997797240260326
18.07,0.026943855605395233
18.080000000000002,0.026890021745988448
18.090000000000003,0.026836295446704517
18.1,0.026782676492638175
18.110000000000003,0.02672916466931348
18.12,0.026675759762683132
18.130000000000003,0.026622461559127383
18.14,0.02656926984545338
18.150000000000002,0.02651618440889417
18.160000000000004,0.026463205037107952
18.17,0.026410331518177177
18.180000000000003,0.02635756364060768
18.19,0.026304901193327897
18.200000000000003,0.026252343965687947
18.21,0.02619989174745888
18.220000000000002,0.02614754432883172
18.23,0.026095301500416765
18.240000000000002,0.02604316305324257
18.250000000000004,0.025991128778755323
18.26,0.02593919846881787
18.270000000000003,0.02588737191570884
18.28,0.025835648912122026
18.290000000000003,0.025784029251165286
18.3,0.02573251272635994
18.310000000000002,0.0256810991316398
18.32,0.02562978826135044
18.330000000000002,0.025578579910248284
18.340000000000003,0.02552747387349987
18.35,0.025476469946681006
18.360000000000003,0.025425567925775883
18.37,0.025374767607176375
18.380000000000003,0.025324068787681116
18.39,0.025273471264494796
18.400000000000002,0.0252229748352272
18.410000000000004,0.025172579297892586
18.42,0.02512228445090875
18.430000000000003,0.02507209009309618
18.44,0.025021996023677443
18.450000000000003,0.024972002042276144
18.46,0.02492210794891632
18.470000000000002,0.024872313544021512
18.48,0.02482261862841405
18.490000000000002,0.02477302300331419
18.500000000000004,0.024723526470339374
18.51,0.024674128831503418
18.520000000000003,0.02462482988921567
18.53,0.024575629446280327
18.540000000000003,0.024526527305895527
18.55,0.02447752327165267
18.560000000000002,0.024428617147535508
18.57,0.024379808737919537
18.580000000000002,0.024331097847571002
18.590000000000003,0.02428248428164629
18.6,0.024233967845691113
18.610000000000003,0.02418554834563961
18.62,0.024137225587813747
18.630000000000003,0.024088999378922407
18.64,0.024040869526060712
18.650000000000002,0.023992835836709164
18.660000000000004,0.023944898118732957
18.67,0.023897056180381158
18.680000000000003,0.023849309830285936
18.69,0.023801658877461843
18.700000000000003,0.023754103131304986
18.71,0.023706642401592346
18.720000000000002,0.02365927649848089
18.73,0.023612005232507005
18.740000000000002,0.02356482841458551
18.750000000000004,0.023517745856009086
18.76,0.023470757368447476
18.770000000000003,0.023423862763946608
18.78,0.023377061854928043
18.790000000000003,0.023330354454188053
18.8,0.023283740374897
18.810000000000002,0.023237219430598477
18.82,0.023190791435208673
18.830000000000002,0.023144456203015522
18.840000000000003,0.02309821354867804
18.85,0.02305206328722556
18.860000000000003,0.023006005234056954
18.87,0.022960039204939983
18.880000000000003,0.022914165016010412
18.89,0.022868382483771488
18.900000000000002,0.02282269142509297
18.910000000000004,0.022777091657210573
18.92,0.022731582997725205
18.930000000000003,0.022686165264602116
18.94,0.022640838276170343
18.950000000000003,0.022595601851121853
18.96,0.022550455808510905
18.970000000000002,0.022505399967753248
18.98,0.02246043414862548
18.990000000000002,0.022415558171264244
19.000000000000004,0.02237077185616558
19.01,0.02232607502418418
19.020000000000003,0.02228146749653263
19.03,0.0222369490947808
19.040000000000003,0.022192519640854964
19.05,0.022148178957037315
19.060000000000002,0.022103926865965004
19.07,0.022059763190629637
19.080000000000002,0.02201568775437644
19.090000000000003,0.02197170038090361
19.1,0.02192780089426161
19.110000000000003,0.021883989118852417
19.12,0.021840264879428885
19.130000000000003,0.02179662800109398
19.14,0.021753078309300157
19.150000000000002,0.02170961562984856
19.160000000000004,0.02166623978888843
19.17,0.021622950612916355
19.180000000000003,0.021579747928775553
19.19,0.02153663156365526
19.200000000000003,0.021493601345089902
19.21,0.021450657100958614
19.220000000000002,0.021407798659484313
19.23,0.021365025849233204
19.240000000000002,0.02132233849911397
19.250000000000004,0.021279736438377158
19.26,0.021237219496614484
19.270000000000003,0.021194787503758104
19.28,0.021152440290080007
19.290000000000003,0.021110177686191264
19.3,0.021067999523041423
19.310000000000002,0.021025905631917755
19.32,0.02098389584444467
19.330000000000002,0.02094196999258291
19.340000000000003,0.020900127908629055
19.35,0.020858369425214716
19.360000000000003,0.020816694375305866
19.37,0.020775102592202298
19.380000000000003,0.02073359390953678
19.39,0.020692168161274557
19.400000000000002,0.020650825181712556
19.410000000000004,0.02060956480547882
19.42,0.02056838686753179
19.430000000000003,0.02052729120315965
19.44,0.0204862776479797
19.450000000000003,0.020445346037937646
19.46,0.020404496209307014
19.470000000000002,0.020363727998688415
19.48,0.020323041243008984
19.490000000000002,0.02028243577952159
19.500000000000004,0.020241911445804374
19.51,0.020201468079759942
19.520000000000003,0.02016110551961474
19.53,0.020120823603918526
19.540000000000003,0.020080622171543536
19.55,0.020040501061684014
19.560000000000002,0.02000046011385545
19.57,0.01996049916789402
19.580000000000002,0.019920618063955866
19.590000000000003,0.01988081664251653
19.6,0.01984109474437028
19.610000000000003,0.019801452210629452
19.62,0.01976188888272388
19.630000000000003,0.019722404602400177
19.64,0.019682999211721196
19.650000000000002,0.019643672553065282
19.660000000000004,0.019604424469125782
19.67,0.019565254802910312
19.680000000000003,0.019526163397740118
19.69,0.01948715009724957
19.700000000000003,0.019448214745385384
19.71,0.019409357186406115
19.720000000000002,0.01937057726488146
19.73,0.019331874825691705
19.740000000000002,0.01929324971402702
19.750000000000004,0.019254701775386913
19.76,0.01921623085557959
19.770000000000003,0.019177836800721302
19.78,0.019139519457235795
19.790000000000003,0.01910127867185363
19.8,0.019063114291611637
19.810000000000002,0.0190250261638522
19.82,0.018987014136222814
19.830000000000002,0.01894907805667527
19.840000000000003,0.01891121777346521
19.85,0.018873433135151486
19.860000000000003,0.018835723990595448
19.87,0.018798090188960496
19.880000000000003,0.018760531579711356
19.89,0.018723048012613555
19.900000000000002,0.018685639337732762
19.910000000000004,0.018648305405434235
19.92,0.0186110460663822
19.930000000000003,0.01857386117153924
19.94,0.01853675057216574
19.950000000000003,0.01849971411981923
19.96,0.018462751666353888
19.970000000000002,0.018425863063919804
19.98,0.018389048164962566
19.990000000000002,0.01835230682222249
